{
  "name": "openstack-nova",
  "version": "6.0.0",
  "author": "Puppet Labs and OpenStack Contributors",
  "summary": "Puppet module for OpenStack Nova",
  "license": "Apache-2.0",
  "source": "git://github.com/openstack/puppet-nova.git",
  "project_page": "https://launchpad.net/puppet-nova",
  "issues_url": "https://bugs.launchpad.net/puppet-nova",
  "requirements": [
    { "name": "pe","version_requirement": "3.x" },
    { "name": "puppet","version_requirement": "3.x" }
  ],
  "operatingsystem_support": [
    {
      "operatingsystem": "Debian",
      "operatingsystemrelease": ["7"]
    },
    {
      "operatingsystem": "Fedora",
      "operatingsystemrelease": ["20"]
    },
    {
      "operatingsystem": "RedHat",
      "operatingsystemrelease": ["6.5","7"]
    },
    {
      "operatingsystem": "Ubuntu",
      "operatingsystemrelease": ["12.04","14.04"]
    }
  ],
  "description": "Installs and configures OpenStack Nova (Compute).",
  "dependencies": [
    { "name": "dprince/qpid", "version_requirement": ">=1.0.0 <2.0.0" },
    { "name": "duritong/sysctl", "version_requirement": ">=0.0.1 <1.0.0" },
    { "name": "openstack/cinder", "version_requirement": ">=6.0.0 <7.0.0" },
    { "name": "openstack/glance", "version_requirement": ">=6.0.0 <7.0.0" },
    { "name": "puppetlabs/inifile", "version_requirement": ">=1.0.0 <2.0.0" },
    { "name": "openstack/keystone", "version_requirement": ">=6.0.0 <7.0.0" },
    { "name": "puppetlabs/rabbitmq", "version_requirement": ">=2.0.2 <6.0.0" },
    { "name": "puppetlabs/stdlib", "version_requirement": ">=4.0.0 <5.0.0" },
    { "name": "openstack/openstacklib", "version_requirement": ">=6.0.0 <7.0.0" }
  ]
}
